{
  "project_info": {
    "project_number": "891990902778",
    "project_id": "eicsproject-f300d",
    "storage_bucket": "eicsproject-f300d.firebasestorage.app"
  },
  "client": [
    {
      "client_info": {
        "mobilesdk_app_id": "1:891990902778:android:2576865e9c0ee09bcf4643",
        "android_client_info": {
          "package_name": "com.example.eicsproject"
        }
      },
      "oauth_client": [],
      "api_key": [
        {
          "current_key": "AIzaSyBKzimyKTPkYLDZWYWEka9xgIGVqSHV-zg"
        }
      ],
      "services": {
        "appinvite_service": {
          "other_platform_oauth_client": []
        }
      }
    }
  ],
  "configuration_version": "1"
}